old_english_path,new_english_path
corpus/azbuka/v21_012_012_Zhili_kury_i_gusi_u_doma.md,translations/primer/v21_012_012_Hens_and_Geese_Lived_by_the_House.md
corpus/azbuka/v21_016_016_Tane_dali_busy.md,translations/primer/v21_016_016_Tanya_Was_Given_Beads.md
corpus/azbuka/v21_016_016_U_Sashi_na_litse.md,translations/primer/v21_016_016_There_Was_Soot_on_Sasha_s_Face.md
corpus/azbuka/v21_016_016_U_mamy_bylo_nemalo_dela.md,translations/primer/v21_016_016_Mama_Had_Quite_a_Lot_to_Do.md
corpus/azbuka/v21_016_016_Vanja_i_Dunja.md,translations/primer/v21_016_016_Vanya_and_Dunya.md
corpus/azbuka/v21_016_017_My_byli_na_reke.md,translations/primer/v21_016_017_We_Were_at_the_River.md
corpus/azbuka/v21_017_017_Kate_dali_myla.md,translations/primer/v21_017_017_Katya_Was_Given_Soap.md
corpus/azbuka/v21_017_017_Kitajskaja_tsaritsa_Silinchi.md,translations/primer/v21_017_017_The_Chinese_Empress_Silinchi.md
corpus/azbuka/v21_017_017_Mama_byla_na_reke.md,translations/primer/v21_017_017_Mama_Was_at_the_River.md
corpus/azbuka/v21_017_017_Tanja_sela_na_seno.md,translations/primer/v21_017_017_Tanya_Sat_Down_on_the_Hay.md
corpus/azbuka/v21_017_017_Tetja_dala_Vare_medu.md,translations/primer/v21_017_017_Aunt_Gave_Varya_Honey.md
corpus/azbuka/v21_017_017_U_Kati_ili_u_Vani.md,translations/primer/v21_017_017_Katya_or_Vanya_Has_More_Strength.md
corpus/azbuka/v21_017_017_U_Tani_bylo_gore.md,translations/primer/v21_017_017_Tanya_Had_Trouble.md
corpus/azbuka/v21_017_017_U_detej_byli_svoi_grjadki.md,translations/primer/v21_017_017_The_Children_Had_Their_Own_Garden_Beds.md
corpus/azbuka/v21_018_018_Njanja_ela_kashu.md,translations/primer/v21_018_018_Nanny_Was_Eating_Porridge.md
corpus/azbuka/v21_018_018_Sani_byli_na_nizu.md,translations/primer/v21_018_018_The_Sled_Was_Down_Below.md
corpus/azbuka/v21_018_018_U_Mishi_byli_sani.md,translations/primer/v21_018_018_Misha_Had_a_Sled.md
corpus/azbuka/v21_018_018_U_djadi_byla_na_ruke_rana.md,translations/primer/v21_018_018_Uncle_Had_a_Wound_on_His_Hand.md
corpus/azbuka/v21_023_023_Babka_dolgo_shla.md,translations/primer/v21_023_023_The_Old_Woman_Walked_a_Long_Time.md
corpus/azbuka/v21_023_023_Dva_volka_vyshli.md,translations/primer/v21_023_023_Two_Wolves_Came_Straight_Toward_Me.md
corpus/azbuka/v21_023_023_Mama_kupi_mne_nitki.md,translations/primer/v21_023_023_Mama_Buy_Me_Some_Yarn.md
corpus/azbuka/v21_023_023_Na_elke_byli_shishki.md,translations/primer/v21_023_023_There_Were_Cones_on_the_Fir_Tree.md
corpus/azbuka/v21_023_023_Nashi_dedy_stali_stary.md,translations/primer/v21_023_023_Our_Grandfathers_Have_Grown_Old.md
corpus/azbuka/v21_023_023_Nastja_ela_grushu.md,translations/primer/v21_023_023_Nastya_Was_Eating_a_Pear.md
corpus/azbuka/v21_023_023_Palo_mnogo_snegu.md,translations/primer/v21_023_023_A_Lot_of_Snow_Fell.md
corpus/azbuka/v21_023_023_Vbili_na_dvore_dva_shesta.md,translations/primer/v21_023_023_Two_Poles_Were_Driven_into_the_Yard.md
corpus/azbuka/v21_024_024_Petja_i_Masha_byli_gosti.md,translations/primer/v21_024_024_Petya_and_Masha_Were_Guests_at_Nastya_s.md
corpus/azbuka/v21_024_024_Pomnju_ja_byla_mala.md,translations/primer/v21_024_024_I_Remember_I_Was_Little.md
corpus/azbuka/v21_025_025_Deti_na_dvore_ryli.md,translations/primer/v21_025_025_The_Children_Dug_Garden_Beds_in_the_Yard.md
corpus/azbuka/v21_025_025_Nesla_baba_vedro_vody.md,translations/primer/v21_025_025_A_Woman_Was_Carrying_a_Bucket_of_Water.md
corpus/azbuka/v21_025_025_Prishla_Nastja_posle_shkoly.md,translations/primer/v21_025_025_Nastya_Came_Home_after_School.md
corpus/azbuka/v21_026_026_Byla_svinja_i_u_nej.md,translations/primer/v21_026_026_There_Was_a_Sow_and_She_Had_Fifteen_Little_Piglets.md
corpus/azbuka/v21_026_026_Byla_u_Nasti_kukla.md,translations/primer/v21_026_026_Nastya_Had_a_Doll.md
corpus/azbuka/v21_026_026_Masha_i_Grisha_seli_na_lodku.md,translations/primer/v21_026_026_Masha_and_Grisha_Got_into_a_Boat.md
corpus/azbuka/v21_026_026_Seli_gusi_na_vodu.md,translations/primer/v21_026_026_The_Geese_Settled_on_the_Water.md
corpus/azbuka/v21_026_026_Slepoj_i_gluhoj.md,translations/primer/v21_026_026_The_Blind_Man_and_the_Deaf_Man.md
corpus/azbuka/v21_026_026_Zhil_staryj_ded.md,translations/primer/v21_026_026_There_Lived_an_Old_Grandfather.md
corpus/azbuka/v21_027_027_Nabrel_raz_slepoj.md,translations/primer/v21_027_027_Once_a_Blind_Man_Came_upon_a_Legless_Man.md
corpus/azbuka/v21_027_027_Nashli_deti_ezha_na_trave.md,translations/primer/v21_027_027_Children_Found_a_Hedgehog_on_the_Grass.md
corpus/azbuka/v21_027_027_Spala_koshka_na_kryshe.md,translations/primer/v21_027_027_A_Cat_Slept_on_the_Roof.md
corpus/azbuka/v21_027_027_U_Mashi_byla_tetka.md,translations/primer/v21_027_027_Masha_Had_an_Aunt.md
corpus/azbuka/v21_028_028_Tanja_znala_bukvy.md,translations/primer/v21_028_028_Tanya_Knew_the_Letters.md
corpus/azbuka/v21_031_031_Ded_stal_star.md,translations/primer/v21_031_031_Grandfather_Grew_Old.md
corpus/azbuka/v21_031_031_Poshli_deti_v_les.md,translations/primer/v21_031_031_The_Children_Went_into_the_Forest.md
corpus/azbuka/v21_031_031_Shel_Misha_po_lesu.md,translations/primer/v21_031_031_Misha_Walked_Through_the_Forest.md
corpus/azbuka/v21_032_032_Byl_glupyj_muzhik.md,translations/primer/v21_032_032_A_Foolish_Peasant.md
corpus/azbuka/v21_032_032_Byl_u_Mishi_knut.md,translations/primer/v21_032_032_Misha_Had_a_Whip.md
corpus/azbuka/v21_049_049_Lisitsa_pozvala_zhuravlja.md,translations/primer/v21_049_049_The_Fox_Invited_the_Crane.md
corpus/azbuka/v21_052_052_Dikij_i_ruchnoj_osel.md,translations/primer/v21_052_052_The_Wild_and_Tame_Donkey.md
corpus/azbuka/v21_053_054_Krasnaja_shapochka.md,translations/primer/v21_053_054_Little_Red_Riding_Hood.md
corpus/azbuka/v21_057_057_Poshel_raz_lev_na_ohotu.md,translations/primer/v21_057_057_Once_a_Lion_Went_Hunting.md
corpus/azbuka/v21_058_058_Starik_sazhal_jabloni.md,translations/primer/v21_058_058_An_Old_Man_Was_Planting_Apple_Trees.md
corpus/azbuka/v21_058_058_Volk_sel_ovtsu.md,translations/primer/v21_058_058_A_Wolf_Ate_a_Sheep.md
corpus/azbuka/v21_109_110_Pozharnye_sobaki.md,translations/primer/v21_109_110_Fire_Dogs.md
corpus/azbuka/v21_171_171_Telenok_na_ldu.md,translations/primer/v21_171_171_The_Calf_on_the_Ice.md
corpus/azbuka/v21_207_207_Olen.md,translations/primer/v21_207_207_The_Deer.md
corpus/azbuka/v21_243_243_Ptitsy_v_seti.md,translations/primer/v21_243_243_The_Birds_and_the_Nets.md
corpus/azbuka/v21_274_274_Volk_i_jagnenok.md,translations/primer/v21_274_274_The_Wolf_and_the_Lamb.md
corpus/azbuka/v21_342_343_Rasskaz.md,translations/primer/v21_342_343_Story.md
corpus/azbuka/v21_348_348_Odin_malchik_uvidal_nischego.md,translations/primer/v21_348_348_A_Boy_Saw_a_Beggar.md
corpus/azbuka/v22_050_050_U_odnoj_baryni_byla_sobachenka.md,translations/primer/v22_050_050_A_Lady_Had_a_Little_Dog.md
corpus/azbuka/v22_209_210_Telenok_na_ldu.md,translations/primer/v22_209_210_The_Calf_on_the_Ice.md
corpus/azbuka/v22_562_563_Volk_i_jagnenok.md,translations/primer/v22_562_563_The_Wolf_and_the_Lamb.md
corpus/diaries/v46_003_004_1847_03_17.md,translations/diaries/v46_003_004_1847_03_17_Notebook_A_Diary.md
corpus/diaries/v46_004_007_1847_03_18.md,translations/diaries/v46_004_007_1847_03_18_Notebook_A_Diary.md
corpus/diaries/v46_011_014_1847_03_21.md,translations/diaries/v46_011_014_1847_03_21_Notebook_A_Diary.md
corpus/diaries/v46_014_015_1847_03_22.md,translations/diaries/v46_014_015_1847_03_22_Notebook_A_Diary.md
corpus/diaries/v46_028_028_1847_04_07.md,translations/diaries/v46_028_028_1847_04_07_Notebook_B_Diary.md
corpus/diaries/v46_028_028_1847_04_08.md,translations/diaries/v46_028_028_1847_04_08_Notebook_B_Diary.md
corpus/diaries/v46_029_030_1847_04_09.md,translations/diaries/v46_029_030_1847_04_09_Notebook_B_Diary.md
corpus/diaries/v46_030_032_1847_04_17.md,translations/diaries/v46_030_032_1847_04_17_Notebook_B_Diary.md
corpus/diaries/v46_032_032_1847_04_19.md,translations/diaries/v46_032_032_1847_04_19_Notebook_B_Diary.md
corpus/diaries/v46_032_032_1847_06_14.md,translations/diaries/v46_032_032_1847_06_14_Notebook_B_Diary.md
corpus/diaries/v46_032_032_1847_06_15.md,translations/diaries/v46_032_032_1847_06_15_Notebook_B_Diary.md
corpus/diaries/v46_032_033_1847_06_16.md,translations/diaries/v46_032_033_1847_06_16_Notebook_B_Diary.md
corpus/diaries/v46_034_035_1850_06_14.md,translations/diaries/v46_034_035_1850_06_14_Notebook_V_Diary.md
corpus/diaries/v46_035_035_1850_06_15.md,translations/diaries/v46_035_035_1850_06_15_Notebook_V_Diary.md
corpus/diaries/v46_035_035_1850_06_16.md,translations/diaries/v46_035_035_1850_06_16_Notebook_V_Diary.md
corpus/diaries/v46_035_037_1850_06_17.md,translations/diaries/v46_035_037_1850_06_17_Notebook_V_Diary.md
corpus/diaries/v46_037_037_1850_06_18.md,translations/diaries/v46_037_037_1850_06_18_Notebook_V_Diary.md
corpus/diaries/v46_037_038_1850_06_19.md,translations/diaries/v46_037_038_1850_06_19_Notebook_V_Diary.md
corpus/diaries/v46_038_040_1850_12_08.md,translations/diaries/v46_038_040_1850_12_08_Notebook_V_Diary.md
corpus/diaries/v46_040_040_1850_12_11.md,translations/diaries/v46_040_040_1850_12_11_Notebook_V_Diary.md
corpus/diaries/v46_040_041_1850_12_13.md,translations/diaries/v46_040_041_1850_12_13_Notebook_V_Diary.md
corpus/diaries/v46_041_041_1850_12_14.md,translations/diaries/v46_041_041_1850_12_14_Notebook_V_Diary.md
corpus/diaries/v46_041_041_1850_12_15.md,translations/diaries/v46_041_041_1850_12_15_Notebook_V_Diary.md
corpus/diaries/v46_041_041_1850_12_16.md,translations/diaries/v46_041_041_1850_12_16_Notebook_V_Diary.md
corpus/diaries/v46_041_042_1850_12_17.md,translations/diaries/v46_041_042_1850_12_17_Notebook_V_Diary.md
corpus/diaries/v46_042_042_1850_12_18.md,translations/diaries/v46_042_042_1850_12_18_Notebook_V_Diary.md
corpus/diaries/v46_042_042_1850_12_19.md,translations/diaries/v46_042_042_1850_12_19_Notebook_V_Diary.md
corpus/diaries/v46_042_042_1850_12_20.md,translations/diaries/v46_042_042_1850_12_20_Notebook_V_Diary.md
corpus/diaries/v46_042_042_1850_12_21.md,translations/diaries/v46_042_042_1850_12_21_Notebook_V_Diary.md
corpus/diaries/v46_042_042_1850_12_22.md,translations/diaries/v46_042_042_1850_12_22_Notebook_V_Diary.md
corpus/diaries/v46_042_042_1850_12_24.md,translations/diaries/v46_042_042_1850_12_24_Notebook_V_Diary.md
corpus/diaries/v46_042_043_1850_12_26.md,translations/diaries/v46_042_043_1850_12_26_Notebook_V_Diary.md
corpus/diaries/v46_043_043_1850_12_27.md,translations/diaries/v46_043_043_1850_12_27_Notebook_V_Diary.md
corpus/diaries/v46_043_043_1850_12_28.md,translations/diaries/v46_043_043_1850_12_28_Notebook_V_Diary.md
corpus/diaries/v46_043_043_1850_12_29.md,translations/diaries/v46_043_043_1850_12_29_Notebook_V_Diary.md
corpus/diaries/v46_043_043_1850_12_30.md,translations/diaries/v46_043_043_1850_12_30_Notebook_V_Diary.md
corpus/diaries/v46_043_043_1850_12_31.md,translations/diaries/v46_043_043_1850_12_31_Notebook_V_Diary.md
corpus/diaries/v46_043_043_1851_01_01_1.md,translations/diaries/v46_043_043_1851_01_01_1_Notebook_V_Diary.md
corpus/diaries/v46_043_043_1851_01_01_2.md,translations/diaries/v46_043_043_1851_01_01_2_Notebook_V_Diary.md
corpus/diaries/v46_043_043_1851_01_12.md,translations/diaries/v46_043_043_1851_01_12_Notebook_V_Diary.md
corpus/diaries/v46_043_043_1851_01_13.md,translations/diaries/v46_043_043_1851_01_13_Notebook_V_Diary.md
corpus/diaries/v46_043_043_1851_01_14.md,translations/diaries/v46_043_043_1851_01_14_Notebook_V_Diary.md
corpus/diaries/v46_044_045_1851_01_17.md,translations/diaries/v46_044_045_1851_01_17_Notebook_V_Diary.md
corpus/diaries/v46_045_045_1851_01_18.md,translations/diaries/v46_045_045_1851_01_18_Notebook_V_Diary.md
corpus/diaries/v46_045_045_1851_01_25.md,translations/diaries/v46_045_045_1851_01_25_Notebook_V_Diary.md
corpus/diaries/v46_045_046_1851_02_28.md,translations/diaries/v46_045_046_1851_02_28_Notebook_V_Diary.md
corpus/diaries/v46_046_046_1851_03_01.md,translations/diaries/v46_046_046_1851_03_01_Notebook_V_Diary.md
corpus/diaries/v46_046_047_1851_03_02.md,translations/diaries/v46_046_047_1851_03_02_Notebook_V_Diary.md
corpus/diaries/v46_047_047_1851_03_03.md,translations/diaries/v46_047_047_1851_03_03_Notebook_V_Diary.md
corpus/diaries/v46_047_048_1851_03_07.md,translations/diaries/v46_047_048_1851_03_07_Notebook_V_Diary.md
corpus/diaries/v46_048_049_1851_03_08.md,translations/diaries/v46_048_049_1851_03_08_Notebook_V_Diary.md
corpus/diaries/v46_049_049_1851_03_09.md,translations/diaries/v46_049_049_1851_03_09_Notebook_V_Diary.md
corpus/diaries/v46_049_049_1851_03_10.md,translations/diaries/v46_049_049_1851_03_10_Notebook_V_Diary.md
corpus/diaries/v46_049_049_1851_03_11.md,translations/diaries/v46_049_049_1851_03_11_Notebook_V_Diary.md
corpus/diaries/v48_033_034_1861_04_04.md,translations/diaries/v48_033_034_1861_04_04_Diary.md
corpus/diaries/v48_042_043_1862_09_03.md,translations/diaries/v48_042_043_1862_09_03_Diary.md
corpus/diaries/v48_059_060_1865_03_17.md,translations/diaries/v48_059_060_1865_03_17_Diary.md
corpus/diaries/v49_058_058_1881_10_05.md,translations/diaries/v49_058_058_1881_10_05_Diary.md
corpus/diaries/v49_094_095_1883_05_17.md,translations/diaries/v49_094_095_1883_05_17_Diary.md
corpus/diaries/v50_022_022_1889_01_14.md,translations/diaries/v50_022_022_1889_01_14_Diary.md
corpus/diaries/v50_040_040_1889_02_22.md,translations/diaries/v50_040_040_1889_02_22_Diary.md
corpus/diaries/v51_014_015_1890_01_27.md,translations/diaries/v51_014_015_1890_01_27_Diary.md
corpus/diaries/v52_138_138_1894_09_08.md,translations/diaries/v52_138_138_1894_09_08_Diary.md
corpus/diaries/v57_011_012_1909_01_15.md,translations/diaries/v57_011_012_1909_01_15_Diary.md
corpus/diaries/v57_096_096_1909_07_15.md,translations/diaries/v57_096_096_1909_07_15_Diary.md
corpus/krug_chtenija/v41_009_009_Krug_chtenija_Predislovie.md,translations/circle_of_reading/v41_009_009_Circle_of_Reading.md
corpus/krug_chtenija/v41_011_013_Krug_chtenija_daily_jan_1_1.md,translations/circle_of_reading/v41_011_013_Circle_of_Reading.md
corpus/krug_chtenija/v41_013_015_Krug_chtenija_daily_jan_1_2.md,translations/circle_of_reading/v41_013_015_Circle_of_Reading.md
corpus/krug_chtenija/v41_015_016_Krug_chtenija_daily_jan_1_3.md,translations/circle_of_reading/v41_015_016_Circle_of_Reading.md
corpus/krug_chtenija/v41_016_017_Krug_chtenija_daily_jan_1_4.md,translations/circle_of_reading/v41_016_017_Circle_of_Reading.md
corpus/krug_chtenija/v41_017_019_Krug_chtenija_daily_jan_1_5.md,translations/circle_of_reading/v41_017_019_Circle_of_Reading.md
corpus/krug_chtenija/v41_019_020_Krug_chtenija_daily_jan_1_6.md,translations/circle_of_reading/v41_019_020_Circle_of_Reading.md
corpus/krug_chtenija/v41_020_022_Krug_chtenija_daily_jan_1_7.md,translations/circle_of_reading/v41_020_022_Circle_of_Reading.md
corpus/krug_chtenija/v41_025_026_Krug_chtenija_daily_jan_2_1.md,translations/circle_of_reading/v41_025_026_Circle_of_Reading.md
corpus/krug_chtenija/v41_027_028_Krug_chtenija_daily_jan_2_2.md,translations/circle_of_reading/v41_027_028_Circle_of_Reading.md
corpus/krug_chtenija/v41_028_030_Krug_chtenija_daily_jan_2_3.md,translations/circle_of_reading/v41_028_030_Circle_of_Reading.md
corpus/krug_chtenija/v41_030_031_Krug_chtenija_daily_jan_2_4.md,translations/circle_of_reading/v41_030_031_Circle_of_Reading.md
corpus/krug_chtenija/v41_032_033_Krug_chtenija_daily_jan_2_5.md,translations/circle_of_reading/v41_032_033_Circle_of_Reading.md
corpus/krug_chtenija/v41_033_035_Krug_chtenija_daily_jan_2_6.md,translations/circle_of_reading/v41_033_035_Circle_of_Reading.md
corpus/krug_chtenija/v41_035_037_Krug_chtenija_daily_jan_2_7.md,translations/circle_of_reading/v41_035_037_Circle_of_Reading.md
corpus/krug_chtenija/v41_037_039_Krug_chtenija_weekly_jan_2_Kajuschijsja_greshnik.md,translations/circle_of_reading/v41_037_039_Circle_of_Reading_January.md
corpus/krug_chtenija/v41_039_040_Krug_chtenija_daily_jan_3_1.md,translations/circle_of_reading/v41_039_040_Circle_of_Reading.md
corpus/krug_chtenija/v41_040_042_Krug_chtenija_daily_jan_3_2.md,translations/circle_of_reading/v41_040_042_Circle_of_Reading.md
corpus/krug_chtenija/v41_042_044_Krug_chtenija_daily_jan_3_3.md,translations/circle_of_reading/v41_042_044_Circle_of_Reading.md
corpus/krug_chtenija/v41_044_045_Krug_chtenija_daily_jan_3_4.md,translations/circle_of_reading/v41_044_045_Circle_of_Reading.md
corpus/krug_chtenija/v41_045_047_Krug_chtenija_daily_jan_3_5.md,translations/circle_of_reading/v41_045_047_Circle_of_Reading.md
corpus/krug_chtenija/v41_047_048_Krug_chtenija_daily_jan_3_6.md,translations/circle_of_reading/v41_047_048_Circle_of_Reading.md
corpus/krug_chtenija/v41_048_050_Krug_chtenija_daily_jan_3_7.md,translations/circle_of_reading/v41_048_050_Circle_of_Reading.md
corpus/krug_chtenija/v41_050_052_Krug_chtenija_weekly_jan_3_Sovershenstvovanie.md,translations/circle_of_reading/v41_050_052_Circle_of_Reading_January.md
corpus/krug_chtenija/v41_052_053_Krug_chtenija_daily_jan_4_1.md,translations/circle_of_reading/v41_052_053_Circle_of_Reading_January.md
corpus/krug_chtenija/v41_053_055_Krug_chtenija_daily_jan_4_2.md,translations/circle_of_reading/v41_053_055_Circle_of_Reading.md
corpus/krug_chtenija/v41_056_057_Krug_chtenija_daily_jan_4_3.md,translations/circle_of_reading/v41_056_057_Circle_of_Reading.md
corpus/krug_chtenija/v41_081_082_Krug_chtenija_daily_feb_1_4.md,translations/circle_of_reading/v41_081_082_Circle_of_Reading.md
corpus/krug_chtenija/v41_183_185_Krug_chtenija_daily_mar_4_2.md,translations/circle_of_reading/v41_183_185_Circle_of_Reading.md
corpus/krug_chtenija/v41_536_537_Krug_chtenija_weekly_jul_4_Kamni.md,translations/circle_of_reading/v41_536_537_Circle_of_Reading_July.md
corpus/krug_chtenija/v42_154_155_Krug_chtenija_daily_oct_3_3.md,translations/circle_of_reading/v42_154_155_Circle_of_Reading.md
corpus/letters/v59_001_RektoruKazanskogouniversiteta.md,translations/letters/v59_001_Letter_to_the_Rector_of_Kazan_University_29_May_1844.md
corpus/letters/v59_002_RektoruKazanskogouniversiteta.md,translations/letters/v59_002_Letter_to_the_Rector_of_Kazan_University_3_August_1844.md
corpus/letters/v59_003_ProrektoruKazanskogouniversiteta.md,translations/letters/v59_003_Letter_to_the_Prorector_of_Kazan_University_25_August_1845.md
corpus/letters/v59_005_RektoruKazanskogouniversiteta.md,translations/letters/v59_005_Letter_to_the_Rector_of_Kazan_University_12_April_1847.md
corpus/letters/v59_008_T_A_Ergolskojigr_E_A_Tolstoj.md,translations/letters/v59_008_Letter_to_T_A_Yergolskaya_and_Countess_E_A_Tolstaya_27_October_1848.md
corpus/letters/v59_010_T_A_Ergolskoj.md,translations/letters/v59_010_Letter_to_T_A_Yergolskaya_December_1848.md
corpus/letters/v59_011_T_A_Ergolskojigr_E_A_Tolstoj.md,translations/letters/v59_011_Letter_to_T_A_Yergolskaya_and_Countess_E_A_Tolstaya_December_1848.md
corpus/letters/v59_013_Gr_S_N_Tolstomu.md,translations/letters/v59_013_Letter_to_Count_S_N_Tolstoy_15_March_1849.md
corpus/letters/v59_014_Gr_S_N_Tolstomu.md,translations/letters/v59_014_Letter_to_Count_S_N_Tolstoy_March_1849.md
corpus/letters/v59_015_RektoruPeterburgskogouniversiteta.md,translations/letters/v59_015_Letter_to_the_Rector_of_Petersburg_University_30_March_1849.md
corpus/letters/v59_016_A_I_Sobolevuchernovoe.md,translations/letters/v59_016_Letter_to_A_I_Sobolev_Draft_March_1849.md
corpus/letters/v59_017_Gr_S_N_Tolstomu.md,translations/letters/v59_017_Letter_to_Count_S_N_Tolstoy_April_1849.md
corpus/letters/v59_018_Gr_S_N_Tolstomu.md,translations/letters/v59_018_Letter_to_Count_S_N_Tolstoy_20_April_1849.md
corpus/letters/v59_019_Gr_S_N_Tolstomu.md,translations/letters/v59_019_Letter_to_Count_S_N_Tolstoy_1_May_1849.md
corpus/letters/v59_020_Gr_S_N_Tolstomu.md,translations/letters/v59_020_Letter_to_Count_S_N_Tolstoy_11_May_1849.md
corpus/letters/v59_021_T_A_Ergolskoj.md,translations/letters/v59_021_Letter_to_T_A_Yergolskaya_2026_May_1849.md
corpus/letters/v59_022_A_I_Sobolevu.md,translations/letters/v59_022_Letter_to_A_I_Sobolev_April_1849.md
corpus/letters/v59_023_T_A_Ergolskoj.md,translations/letters/v59_023_Letter_to_T_A_Yergolskaya_late_December_1849.md
corpus/letters/v59_024_T_A_Ergolskoj.md,translations/letters/v59_024_Letter_to_T_A_Yergolskaya_June_1849.md
corpus/letters/v59_025_T_A_Ergolskoj.md,translations/letters/v59_025_Letter_to_T_A_Yergolskaya_and_Countess_M_N_Tolstaya_10_January_1850.md
corpus/letters/v59_026_T_A_Ergolskoj.md,translations/letters/v59_026_Letter_to_T_A_Yergolskaya_February_1850.md
corpus/letters/v59_027_T_A_Ergolskoj.md,translations/letters/v59_027_Letter_to_T_A_Yergolskaya_20_April_1850.md
corpus/letters/v59_028_Neizvestnoj_CHernovoe.md,translations/letters/v59_028_Letter_to_an_Unknown_Woman_Draft_OctoberNovember_1850.md
corpus/letters/v59_030_T_A_Ergolskoj.md,translations/letters/v59_030_Letter_to_T_A_Yergolskaya_December_4_1850.md
corpus/letters/v59_034_Gr_S_N_Tolstomu.md,translations/letters/v59_034_Letter_to_Count_S_N_Tolstoy_December_15_1850.md
corpus/letters/v59_035_Gr_S_N_Tolstomu.md,translations/letters/v59_035_Letter_to_Count_S_N_Tolstoy_22_December_1850.md
corpus/letters/v59_038_T_A_Ergolskoj.md,translations/letters/v59_038_Letter_to_T_A_Yergolskaya_Late_February_1851.md
corpus/letters/v59_039_T_A_Ergolskoj.md,translations/letters/v59_039_Letter_to_T_A_Yergolskaya_March_8_1851.md
corpus/letters/v59_040_T_A_Ergolskoj.md,translations/letters/v59_040_Letter_to_T_A_Yergolskaya_March_115_1851.md
corpus/letters/v59_043_T_A_Ergolskoj.md,translations/letters/v59_043_Letter_to_T_A_Yergolskaya_May_27_1851.md
corpus/letters/v59_044_A_S_Ogolinu.md,translations/letters/v59_044_Letter_to_A_S_Ogolin_May_30June_2_1851.md
corpus/letters/v59_047_T_A_Ergolskoj.md,translations/letters/v59_047_Letter_to_T_A_Yergolskaya_June_24_1851.md
corpus/letters/v59_054_Proshenieobopredeleniinavoennuyusluzhbu.md,translations/letters/v59_054_Petition_for_Appointment_to_Military_Service_December_31_1851.md
corpus/letters/v59_063_N_A_Nekrasovu.md,translations/letters/v59_063_Letter_to_N_A_Nekrasov_July_3_1852.md
corpus/letters/v59_066_N_A_Nekrasovu.md,translations/letters/v59_066_Letter_to_N_A_Nekrasov_September_15_1852.md
corpus/letters/v59_068_T_A_Ergolskoj.md,translations/letters/v59_068_Letter_to_T_A_Yergolskaya_October_29_1852.md
corpus/letters/v59_069_N_A_Nekrasovu.md,translations/letters/v59_069_Unsent_Letter_to_N_A_Nekrasov_November_18_1852.md
corpus/letters/v59_070_N_A_Nekrasovu.md,translations/letters/v59_070_Letter_to_N_A_Nekrasov_November_27_1852.md
corpus/letters/v59_072_N_A_Nekrasovu.md,translations/letters/v59_072_Letter_to_N_A_Nekrasov_26_December_1852.md
corpus/letters/v59_074_Gr_S_N_Tolstomu.md,translations/letters/v59_074_Letter_to_Count_S_N_Tolstoy_17_April_1853.md
corpus/letters/v59_075_N_P_Alekseevu.md,translations/letters/v59_075_Letter_to_N_P_Alekseev_30_May_1853.md
corpus/letters/v59_076_Gr_S_N_TolstomuiT_A_Ergolskoj.md,translations/letters/v59_076_Letter_to_Count_S_N_Tolstoy_and_T_A_Yergolskaya_First_Half_of_June_1853.md
corpus/letters/v59_079_T_A_Ergolskoj.md,translations/letters/v59_079_Letter_to_T_A_Yergolskaya_Second_Half_of_August_1853.md
corpus/letters/v59_080_N_A_Nekrasovu.md,translations/letters/v59_080_Letter_to_N_A_Nekrasov_17_September_1853.md
corpus/letters/v59_081_Dokladnayazapiskakomanduyushhemuvojskamikn.md,translations/letters/v59_081_Memorandum_to_Prince_M_D_Gorchakov_6_October_1853.md
corpus/letters/v59_082_Gr_S_N_Tolstomu.md,translations/letters/v59_082_Letter_to_Count_S_N_Tolstoy_26_November_1853.md
corpus/letters/v59_085_Gr_V_P_Tolstomu.md,translations/letters/v59_085_Letter_to_Count_V_P_Tolstoy_30_April_1854.md
corpus/letters/v59_091_N_A_Nekrasovu.md,translations/letters/v59_091_Letter_to_N_A_Nekrasov_19_December_1854.md
corpus/letters/v59_093_N_A_Nekrasovu.md,translations/letters/v59_093_Letter_to_N_A_Nekrasov_11_January_1855.md
corpus/letters/v59_094_Kn_G_V_Lvovu.md,translations/letters/v59_094_Letter_to_Prince_G_V_Lvov_15_January_1855.md
corpus/letters/v59_095_Gr_H_N_Tolstomu.md,translations/letters/v59_095_Letter_to_Count_N_N_Tolstoy_3_February_1855.md
corpus/letters/v59_096_Gr_V_P_Tolstomu.md,translations/letters/v59_096_Letter_to_Count_V_P_Tolstoy_24_February_1855.md
corpus/letters/v59_098_N_A_Nekrasovu.md,translations/letters/v59_098_Letter_to_N_A_Nekrasov_30_April_1855.md
corpus/letters/v59_099_Gr_S_N_Tolstomu.md,translations/letters/v59_099_Letter_to_Count_S_N_Tolstoy_1530_April_1855.md
corpus/letters/v59_101_I_I_Panaevu.md,translations/letters/v59_101_Letter_to_I_I_Panaev_14_June_1855.md
corpus/letters/v59_102_I_I_Panaevu.md,translations/letters/v59_102_Letter_to_I_I_Panaev_16_June_1855.md
corpus/letters/v59_103_Gr_S_N_Tolstomu.md,translations/letters/v59_103_Letter_to_Count_S_N_Tolstoy_3_July_1855.md
corpus/letters/v59_104_I_I_Panaevu.md,translations/letters/v59_104_Letter_to_I_I_Panaev_4_July_1855.md
corpus/letters/v59_105_T_A_Ergolskoj.md,translations/letters/v59_105_Letter_to_T_A_Yergolskaya_4_August_1855.md
corpus/letters/v59_106_Gr_S_N_Tolstomu.md,translations/letters/v59_106_Letter_to_Count_S_N_Tolstoy_7_August_1855.md
corpus/letters/v59_107_I_I_Panaevu.md,translations/letters/v59_107_Letter_to_I_I_Panaev_8_August_1855.md
corpus/letters/v59_108_N_A_Kryzhanovskomu.md,translations/letters/v59_108_Letter_to_N_A_Kryzhanovsky_3_September_1855.md
corpus/letters/v59_109_T_A_Ergolskoj.md,translations/letters/v59_109_Letter_to_T_A_Yergolskaya_4_September_1855.md
corpus/letters/v59_110_N_A_Nekrasovu.md,translations/letters/v59_110_Letter_to_N_A_Nekrasov_31_December_1855.md
corpus/letters/v59_111_A_A_Kraevskomu.md,translations/letters/v59_111_Letter_to_A_A_Kraevsky_31_December_1855.md
corpus/letters/v59_doc_338_339.md,translations/letters/v59_doc_338_339_Deed_of_Emancipation_for_Maria_Ivanova_30_April_1851.md
corpus/letters/v59_doc_339_340.md,translations/letters/v59_doc_339_340_Deed_of_Emancipation_for_Alexander_Mikhailov_6_June_1853.md
corpus/letters/v60_002_gr_Anast_Iv_Tolstoj.md,translations/letters/v60_002_Letter_to_Countess_A_I_Tolstaya_7_February_1856.md
corpus/letters/v60_003_N_A_Nekrasovu.md,translations/letters/v60_003_Letter_to_N_A_Nekrasov_Late_February_1856.md
corpus/letters/v60_004_T_A_Ergolskoj.md,translations/letters/v60_004_Letter_to_T_A_Yergolskaya_16_March_1856.md
corpus/letters/v60_005_gr_S_N_Tolstomu.md,translations/letters/v60_005_Letter_to_Count_S_N_Tolstoy_25_March_1856.md
corpus/letters/v60_006_N_A_Nekrasovu.md,translations/letters/v60_006_Letter_to_N_A_Nekrasov_2930_March_1856.md
corpus/letters/v60_007_T_A_Ergolskoj.md,translations/letters/v60_007_Letter_to_T_A_Yergolskaya_12_April_1856.md
corpus/letters/v60_008_S_S_Lanskomuministrvnutr_del.md,translations/letters/v60_008_Draft_Letter_to_Minister_of_Internal_Affairs_S_S_Lanskoy_25_April_1856.md
corpus/letters/v60_009_D_V_Grigorovichu.md,translations/letters/v60_009_Letter_to_D_V_Grigorovich_5_May_1856.md
corpus/letters/v60_010_T_A_Ergolskoj.md,translations/letters/v60_010_Letter_to_T_A_Yergolskaya_10_May_1856.md
corpus/letters/v60_011_M_A_Islavinu.md,translations/letters/v60_011_Letter_to_M_A_Islavin_29_May_1856.md
corpus/letters/v60_012_gr_S_N_Tolstomu.md,translations/letters/v60_012_Letter_to_Count_S_N_Tolstoy_29_May_1856.md
corpus/letters/v60_013_gr_M_N_Tolstoj.md,translations/letters/v60_013_Letter_to_Countess_M_N_Tolstaya_5_June_1856.md
corpus/letters/v60_015_N_A_NekrasovuiI_F_Gorbunovu.md,translations/letters/v60_015_Letter_to_N_A_Nekrasov_and_I_F_Gorbunov_12_June_1856.md
corpus/letters/v60_016_N_A_Nekrasovu.md,translations/letters/v60_016_Letter_to_N_A_Nekrasov_29_June_1856.md
corpus/letters/v60_095_N_A_Nekrasovu.md,translations/letters/v60_095_Letter_to_N_A_Nekrasov_11_November_1857.md
corpus/letters/v61_151_M_N_Longinovu.md,translations/letters/v61_151_Letter_to_M_N_Longinov_19_November_1865.md
corpus/letters/v62_372_A_A_Fetu.md,translations/letters/v62_372_Letter_to_A_A_Fet_24_December_1877.md
corpus/letters/v62_507_N_M_Nagornovu.md,translations/letters/v62_507_Letter_to_N_M_Nagornov_May_1879.md
corpus/letters/v64_152_I_L_Tolstomu.md,translations/letters/v64_152_Letter_to_I_L_Tolstoy_October_1887.md
corpus/letters/v64_164_I_I_Petrovu.md,translations/letters/v64_164_Letter_to_I_I_Petrov_SeptemberNovember_1887.md
corpus/letters/v65_295_V_A_Golcevu.md,translations/letters/v65_295_Letter_to_V_A_Goltsev_2428_April_1891.md
corpus/letters/v66_165_G_A_Ermolaevu.md,translations/letters/v66_165_Letter_to_G_A_Ermolaev_6_February_1892.md
corpus/letters/v69_146_T_F_Gotojcevu.md,translations/letters/v69_146_Letter_to_T_F_Gotoitsev_19_October_1896.md
corpus/letters/v71_049_Inostrannymizdatelyamiperevodchikam.md,translations/letters/v71_049_Letter_to_Foreign_Publishers_and_Translators_25_February_1898.md
corpus/letters/v71_307_A_N_Dunaevu.md,translations/letters/v71_307_Letter_to_A_N_Dunaev_78_November_1898.md
corpus/letters/v75_298_F_A_Straxovu.md,translations/letters/v75_298_Letter_to_F_A_Strakhov_28_January_1905.md
corpus/letters/v77_116_S_V_Danilevichu.md,translations/letters/v77_116_Letter_to_S_V_Danilevich_17_May_1907.md
corpus/letters/v77_240_G_A_Novichkovu.md,translations/letters/v77_240_Letter_to_G_A_Novichkov_26_September_1907.md
corpus/letters/v78_215_T_A_Kuzminskoj.md,translations/letters/v78_215_Letter_to_T_A_Kuzminskaya_4_August_1908.md
corpus/notes/v48_163_165_Zapisnaja_knizhka_No_5_1866_1871.md,translations/notes/v48_163_165_Notebook_No_5_18661871.md
corpus/notes/v48_166_166_Zapisnaja_knizhka_No_6_1871.md,translations/notes/v48_166_166_Notebook_No_6_1871.md
corpus/notes/v48_331_331_Zapisnaja_knizhka_No_11_1878_1880.md,translations/notes/v48_331_331_Notebook_No_11_18781880.md
corpus/notes/v48_342_342_Zapis_No_1_1863.md,translations/notes/v48_342_342_Note_No_1_1863.md
corpus/notes/v48_342_346_Zapisi_No_2_i_3_1870.md,translations/notes/v48_342_346_Notes_Nos_2_and_3_1870.md
corpus/notes/v48_346_346_Zapis_No_4_1871_1872.md,translations/notes/v48_346_346_Note_No_4_18711872.md
corpus/notes/v48_347_347_Zapis_No_5_1874.md,translations/notes/v48_347_347_Note_No_5_1874.md
corpus/notes/v48_347_349_Zapis_No_6_1877.md,translations/notes/v48_347_349_Note_No_6_1877.md
corpus/notes/v48_349_350_Zapis_No_7_1878.md,translations/notes/v48_349_350_Note_No_7_1878.md
corpus/notes/v49_135_137_Zapisi_na_listah_1881.md,translations/notes/v49_135_137_Notes_on_Sheets_1881.md
corpus/notes/v49_148_148_Zapis_na_liste_6_dekabrja_1881.md,translations/notes/v49_148_148_Note_on_a_Sheet_6_December_1881.md
corpus/notes/v49_149_156_Zapisnaja_knizhka_1882.md,translations/notes/v49_149_156_Notebook_1882.md
corpus/notes/v49_157_157_Zapis_1884.md,translations/notes/v49_157_157_Note_1884.md
corpus/notes/v50_200_201_Zapisnaja_knizhka_No_1_1888_1889.md,translations/notes/v50_200_201_Notebook_No_1_18881889.md
corpus/notes/v51_158_159_Zapisi_na_listah_1890.md,translations/notes/v51_158_159_Notes_on_Sheets_1890.md
corpus/notes/v51_160_160_Zapisnaja_knizhka_No_3_1890.md,translations/notes/v51_160_160_Notebook_No_3_1890.md
corpus/notes/v52_275_275_Zapis_27_nojabrja_1891.md,translations/notes/v52_275_275_Note_27_November_1891.md
corpus/notes/v52_276_276_Zapisi_ijun_avgusta_1893.md,translations/notes/v52_276_276_Notes_JuneAugust_1893.md
corpus/notes/v52_276_276_Zapisi_mart_aprel_1892.md,translations/notes/v52_276_276_Notes_MarchApril_1892.md
corpus/notes/v52_277_277_Zapisi_konets_ijunja_nachala_ijulja_1894.md,translations/notes/v52_277_277_Notes_Late_JuneEarly_July_1894.md
corpus/notes/v57_252_253_Zapisnaja_knizhka_1909_g_No_2.md,translations/notes/v57_252_253_Notebook_No_2_1909.md
corpus/works/v01_097_099_Detstvo_Varianty_teksta_Sovremennika_1852_g_No_9.md,translations/works/v01_097_099_Childhood.md
corpus/works/v01_213_213_Iz_uchenicheskoj_tetradi_1835_g.md,translations/works/v01_213_213_From_a_School_Exercise_Book_1835.md
corpus/works/v01_214_214_Pozdravitelnye_stihi.md,translations/works/v01_214_214_To_Dear_Auntie.md
corpus/works/v01_226_228_S_teh_por_kak_ja_pomnju_svoju_zhizn.md,translations/works/v01_226_228_Since_I_Can_Remember_My_Life.md
corpus/works/v01_229_232_O_tseli_filosofii.md,translations/works/v01_229_232_On_the_Aim_of_Philosophy.md
corpus/works/v01_241_242_Vremennaja_metoda_dlja_izuchenija_muzyki.md,translations/works/v01_241_242_A_Temporary_Method_for_the_Study_of_Music.md
corpus/works/v01_242_244_Znanie_muzyki_subektivnoe_i_obektivnoe.md,translations/works/v01_242_244_Knowledge_of_Music_Is_Subjective_and_Objective.md
corpus/works/v01_244_245_Osnovnye_nachala_muzyki_i_pravila_k_izucheniju_onoj.md,translations/works/v01_244_245_Fundamental_Principles_of_Music_and_Rules_for_Its_Study.md
corpus/works/v01_246_246_Dlja_chego_pishut_ljudi.md,translations/works/v01_246_246_Why_Do_People_Write.md
corpus/works/v01_247_248_O_molitve.md,translations/works/v01_247_248_On_Prayer.md
corpus/works/v01_296_297_Otryvok_razgovora_dvuh_dam.md,translations/works/v01_296_297_Is_It_True_You_Know_How_People_Here_Like.md
corpus/works/v01_298_298_K_zapadne.md,translations/works/v01_298_298_To_the_Trap.md
corpus/works/v01_299_299_Davno_pozabyl_ja_o_schasti.md,translations/works/v01_299_299_Long_Ago_I_Forgot_About_Happiness.md
corpus/works/v01_299_300_Ej_Marjana_bros_rabotu.md,translations/works/v01_299_300_Hey_Maryana_Drop_Your_Work.md
corpus/works/v01_301_302_Ej_Marjana_bros_rabotu.md,translations/works/v01_301_302_Hey_Maryana_Drop_Your_Work.md
corpus/works/v01_302_302_Kogda_zhe_kogda_nakonets_perestanu.md,translations/works/v01_302_302_When_When_at_Last_Shall_I_Cease.md
corpus/works/v02_241_242_Pervyj_plan_romana_Chetyre_epohi_razvitija.md,translations/works/v02_241_242_Four_Epochs_of_Development.md
corpus/works/v02_243_245_Vtoroj_plan_romana_Chetyre_epohi_razvitija.md,translations/works/v02_243_245_Four_Epochs_of_Development.md
corpus/works/v02_297_297_Plan_Junosti.md,translations/works/v02_297_297_Youth.md
corpus/works/v02_339_340_Perechen_glav_Junosti.md,translations/works/v02_339_340_Youth.md
corpus/works/v02_341_342_Dva_plana_vtoroj_poloviny_Junosti.md,translations/works/v02_341_342_Youth.md
corpus/works/v03_201_203_Nabeg_Varianty_teksta_Sovremennika.md,translations/works/v03_201_203_The_Raid_A_Volunteer_s_Story.md
corpus/works/v03_211_212_Varianty_iz_rukopisej_Zapiski_markera.md,translations/works/v03_211_212_Notes_of_a_Billiard_Marker_A_Story.md
corpus/works/v03_215_217_Zapiski_o_Kavkaze_Poezdka_v_Mamakaj_Jurt.md,translations/works/v03_215_217_Notes_on_the_Caucasus_A_Journey_to_Mamakay_Yurt.md
corpus/works/v03_266_266_Plany_Svjatochnoj_nochi.md,translations/works/v03_266_266_A_Christmastide_Night.md
corpus/works/v03_270_270_Rubka_lesa_Variant.md,translations/works/v03_270_270_Felling_the_Forest.md
corpus/works/v03_271_273_Djadinka_Zhdanov_i_kavaler_Chernov.md,translations/works/v03_271_273_Uncle_Zhdanov_and_Cavalier_Chernov.md
corpus/works/v03_274_277_Varianty_iz_rukopisi_Razzhalovannogo.md,translations/works/v03_274_277_The_Demoted_Officer.md
corpus/works/v04_281_283_Proekt_zhurnala_Soldatskij_vestnik.md,translations/works/v04_281_283_Project_for_the_Journal_Soldier_s_Herald.md
corpus/works/v04_284_284_Zametka_po_povodu_voennogo_zhurnala.md,translations/works/v04_284_284_Note_Concerning_the_Military_Journal.md
corpus/works/v04_285_285_Pervonachalnyj_nabrosok_nachala_Zapiski_ob_otritsatelnyh_storonah_russkogo_soldata_i_ofitsera.md,translations/works/v04_285_285_Note_on_the_Negative_Sides_of_the_Russian_Soldier_and_Officer.md
corpus/works/v04_295_295_Dokladnaja_zapiska_kn_M_D_Gorchakovu.md,translations/works/v04_295_295_Memorandum_to_Prince_M_D_Gorchakov.md
corpus/works/v04_296_296_Otryvok_iz_dnevnika_shtabs_kapitana_A_pehotnogo_L_L_polka.md,translations/works/v04_296_296_Fragment_from_the_Diary_of_Staff_Captain_A_of_the_L_L_Infantry_Regiment.md
corpus/works/v04_297_298_Soldatskie_razgovory.md,translations/works/v04_297_298_Soldiers_Conversations.md
corpus/works/v04_307_308_PESNJa_PRO_SRAZhENIE_NA_R_ChERNOI_4_AVGUSTA_1855_G.md,translations/works/v04_307_308_Song_about_the_Battle_on_the_Chernaya_River_4_August_1855.md
corpus/works/v04_363_364_Roman_russkogo_pomeschika_Predislovie_ne_dlja_chitatelja_a_dlja_avtora.md,translations/works/v04_363_364_Novel_of_a_Russian_Landowner.md
corpus/works/v05_166_167_Tri_smerti_Varianty_redaktsij.md,translations/works/v05_166_167_Three_Deaths.md
corpus/works/v05_220_221_Zapiski_muzha.md,translations/works/v05_220_221_Notes_of_a_Husband.md
corpus/works/v05_222_222_On_ne_mog_ni_uehat_ni_ostavatsja.md,translations/works/v05_222_222_He_Could_Neither_Leave_nor_Stay.md
corpus/works/v05_230_231_Svetloe_hristovo_voskresene.md,translations/works/v05_230_231_The_Radiant_Resurrection_of_Christ.md
corpus/works/v05_237_240_O_russkom_voenno_ugolovnom_zakonodatelstve.md,translations/works/v05_237_240_On_Military_Criminal_Legislation.md
corpus/works/v05_241_241_Zametka_o_fermerstve_Pisanija_otnosjaschiesja_k_proektu_osvobozhdenija_jasnopoljanskih_krestjan.md,translations/works/v05_241_241_Note_on_Farming.md
corpus/works/v07_120_120_O_haraktere_myshlenija_v_molodosti_i_v_starosti.md,translations/works/v07_120_120_On_the_Character_of_Thought_in_Youth_and_Old_Age.md
corpus/works/v07_132_132_Filosofskij_otryvok.md,translations/works/v07_132_132_Philosophical_Fragment.md
corpus/works/v25_028_030_Dva_brata_i_zoloto.md,translations/works/v25_028_030_Two_Brothers_and_Gold.md
corpus/works/v26_457_458_Pechatnye_varianty_pervogo_izdanija_stati_Pora_opomnitsja_k_osnovnomu_tekstu.md,translations/works/v26_457_458_Printed_Variants_of_the_First_Edition_of_It_Is_Time_to_Understand.md
corpus/works/v29_363_363_Kto_prav_Varianty.md,translations/works/v29_363_363_Who_Is_Right_Variants.md
corpus/works/v34_143_143_Predislovie_k_The_Anatomy_of_Misery_Dzhona_Kenvorti.md,translations/works/v34_143_143_Preface_to_John_Kenworthys_The_Anatomy_of_Misery.md
corpus/works/v34_343_344_Konspekt_Vospominanij.md,translations/works/v34_343_344_Outline_of_the_Memoirs.md
corpus/works/v37_005_005_Volk.md,translations/works/v37_005_005_The_Wolf.md
corpus/works/v40_435_435_Zhizn_i_izrechenija_Krishny_Predislovie.md,translations/works/v40_435_435_Preface_to_the_Book_Life_and_Sayings_of_Krishna.md
corpus/works/v90_093_094_Detskie_zabavy.md,translations/works/v90_093_094_Childrens_Amusements.md
corpus/works/v90_122_122_Obschestvo_nezavisimyh.md,translations/works/v90_122_122_Society_of_Independent_People.md
corpus/works/v29_003_046_Hozjain_i_rabotnik.md,translations/works/v29_003_046_Master_and_Man.md
